21;14900;06.03.2022;
Anonymous 37;5950;14.03.2022;
babu;4200;05.03.2022;
Anonymous 21;4100;06.03.2022;
Enter something here;3450;05.03.2022;
Anonymous 33;2600;14.03.2022;
Anonymous 4;2100;06.03.2022;
Anonymous 32;1150;14.03.2022;
aa;1000;14.03.2022;
Anonymous 1;400;06.03.2022;
Anonymous 3;50;06.03.2022;
Anonymous 2;0;06.03.2022;
Anonymous 5;0;06.03.2022;
Anonymous 6;0;06.03.2022;
Anonymous 7;0;06.03.2022;
Anonymous 8;0;06.03.2022;
Anonymous 9;0;06.03.2022;
Anonymous 10;0;06.03.2022;
Anonymous 11;0;06.03.2022;
Anonymous 12;0;06.03.2022;
Anonymous 13;0;06.03.2022;
Anonymous 14;0;06.03.2022;
Anonymous 15;0;06.03.2022;
Anonymous 16;0;06.03.2022;
Anonymous 17;0;06.03.2022;
Anonymous 18;0;06.03.2022;
Anonymous 19;0;06.03.2022;
Anonymous 20;0;06.03.2022;
Anonymous 22;0;06.03.2022;
Anonymous 23;0;06.03.2022;
Anonymous 24;0;06.03.2022;
Anonymous 25;0;06.03.2022;
Anonymous 26;0;06.03.2022;
Anonymous 27;0;06.03.2022;
Anonymous 28;0;06.03.2022;
Anonymous 29;0;06.03.2022;
Anonymous 30;0;06.03.2022;
Anonymous 31;0;07.03.2022;
Anonymous 34;0;14.03.2022;
Anonymous 35;0;14.03.2022;
Anonymous 36;0;14.03.2022;
Anonymous 38;0;14.03.2022;